alpha,epoch,validation_MAE_C
0.001,1,0.5672579687148769
0.001,2,0.503563570714197
0.001,3,0.48588550299603855
0.001,4,0.4765823000082684
0.001,5,0.46970525952889225
0.001,6,0.46394996282464646
0.001,7,0.45908504305698816
0.001,8,0.4545345247379945
0.001,9,0.45067748457191115
0.001,10,0.44702691895993535
0.001,11,0.4436313783238095
0.001,12,0.44025255225108867
0.001,13,0.43723699145153266
0.001,14,0.4344874222969159
0.001,15,0.4321484251244939
0.001,16,0.429889979017481
0.001,17,0.42773774437653256
0.001,18,0.425786618086779
0.001,19,0.4238621318208914
0.001,20,0.42220475434817323
0.001,21,0.4203928942156722
0.001,22,0.4186639072130037
0.001,23,0.41698797345503696
0.001,24,0.4154678085985723
0.001,25,0.41383405095022363
0.001,26,0.4124310486157121
0.001,27,0.41108104981263566
0.001,28,0.4098625727734001
0.001,29,0.4086942501862757
0.001,30,0.40761012302944494
0.001,31,0.40651359370536055
0.001,32,0.40555990846653406
0.001,33,0.40462091770905473
0.001,34,0.403682558396779
0.001,35,0.4028280954689317
0.001,36,0.40190167310900204
0.001,37,0.40101216186806166
0.001,38,0.4001888789876851
0.001,39,0.39930949189624465
0.001,40,0.3984609892711526
0.001,41,0.397644368857892
0.001,42,0.3967558615025643
0.001,43,0.3959498569707366
0.001,44,0.39520983436229407
0.001,45,0.39437002103217356
0.001,46,0.39378345923048214
0.001,47,0.39304148377651077
0.001,48,0.3924243987010808
0.001,49,0.39170709839837076
0.001,50,0.3910909258421608
0.001,51,0.3905767551173959
0.001,52,0.39007055000140095
0.001,53,0.3895576896517759
0.001,54,0.38899233144773626
0.001,55,0.3884284489773916
0.001,56,0.38791692483643053
0.001,57,0.38755028467202995
0.001,58,0.38717349423258623
0.001,59,0.38679968520377245
0.001,60,0.386479102939073
0.001,61,0.3861137647324762
0.001,62,0.38562730675417406
0.001,63,0.3851470044962648
0.001,64,0.3848201380621248
0.001,65,0.38442471790022886
0.001,66,0.3840563583726962
0.001,67,0.38382081277516267
0.001,68,0.3836361594217811
0.001,69,0.3834004789669539
0.001,70,0.38315714071128315
0.001,71,0.3829796262493147
0.001,72,0.3827885564088442
0.001,73,0.3826295103472623
0.001,74,0.38249041328950595
0.001,75,0.3822973957574125
0.001,76,0.38211457076339195
0.001,77,0.3819225803991113
0.001,78,0.38175284660931375
0.001,79,0.38149479025469274
0.001,80,0.3812577554378281
0.001,81,0.3810092368440936
0.001,82,0.38085872399283954
0.001,83,0.38068285722163214
0.001,84,0.38054560323099595
0.001,85,0.38036273274111077
0.001,86,0.3801715402228426
0.001,87,0.38009357767362506
0.001,88,0.3799602459549026
0.001,89,0.37977830746760316
0.001,90,0.37956545657025476
0.001,91,0.37941831308611806
0.001,92,0.379282986351034
0.001,93,0.3792013494424207
0.001,94,0.3789803651300639
0.001,95,0.37874499881667745
0.001,96,0.3784641288414951
0.001,97,0.3782778244634076
0.001,98,0.37809832421104494
0.001,99,0.37794640462195156
0.001,100,0.37775630507483005
0.001,101,0.37769225095356085
0.001,102,0.3775475465100605
0.001,103,0.3774570244754926
0.001,104,0.3773800202986946
0.001,105,0.37722005983054147
0.001,106,0.37711946862887014
0.001,107,0.37704438528212786
0.001,108,0.3769336996227732
0.001,109,0.37680843722271645
0.001,110,0.3767315631689802
0.001,111,0.3766179695600467
0.001,112,0.37641937683257615
0.001,113,0.37634228726421104
0.001,114,0.3762584076874707
0.001,115,0.37611951587676623
0.001,116,0.3760055531909005
0.001,117,0.3759230198471812
0.001,118,0.3758045447800142
0.001,119,0.3757234346187234
0.001,120,0.3756527639948913
0.001,121,0.3756004981289429
0.001,122,0.37543578776165437
0.001,123,0.37529497206146667
0.001,124,0.37519481167168417
0.001,125,0.37502174396442867
0.001,126,0.3749186389706346
0.001,127,0.37477892616511405
0.001,128,0.3746494440699098
0.001,129,0.37452378739093384
0.001,130,0.37441487010866104
0.001,131,0.3743025023545353
0.001,132,0.3741913438279305
0.001,133,0.3740240434284437
0.001,134,0.37394173392230773
0.001,135,0.3738389562139584
0.001,136,0.37375339826128023
0.001,137,0.37364538706072764
0.001,138,0.3735455117045822
0.001,139,0.3734356991414583
0.001,140,0.3733133750501554
0.001,141,0.3732211209636817
0.001,142,0.37313153539860056
0.001,143,0.37304350674037556
0.001,144,0.37293352641793137
0.001,145,0.37286913279011413
0.001,146,0.37279458616487815
0.001,147,0.37268081490743155
0.001,148,0.3725614420820556
0.001,149,0.372436100393312
0.001,150,0.3723291041094871
0.001,151,0.3722512498691117
0.001,152,0.3721499595321026
0.001,153,0.3721086308008056
0.001,154,0.37208315187205293
0.001,155,0.3719836926272996
0.001,156,0.37190687638969006
0.001,157,0.37185764978683433
0.001,158,0.3717497056968308
0.001,159,0.3716571977864103
0.001,160,0.3716596254309854
0.001,161,0.37156967344891006
0.001,162,0.3715906724138265
0.001,163,0.371451319500001
0.001,164,0.37135252409508396
0.001,165,0.37131890165577724
0.001,166,0.3712400887182028
0.001,167,0.371094938967765
0.001,168,0.3710872186787436
0.001,169,0.37104782157553384
0.001,170,0.37093251271662725
0.001,171,0.37087143887773144
0.001,172,0.3708103862903465
0.001,173,0.3708370249692382
0.001,174,0.37073022676633405
0.001,175,0.3707242291953485
0.001,176,0.37070815516649697
0.001,177,0.3706579592175725
0.001,178,0.37053422962673976
0.001,179,0.37052841916189755
0.001,180,0.37049757155047086
0.001,181,0.3705020638685326
0.001,182,0.37043838137915525
0.001,183,0.3704127821580484
0.001,184,0.3703903613861101
0.001,185,0.3703501166614315
0.001,186,0.370344048802192
0.001,187,0.37032131847709576
0.001,188,0.3702892726923811
0.001,189,0.3702554067213546
0.001,190,0.3702439003811686
0.001,191,0.370222404954754
0.001,192,0.37018696359769565
0.001,193,0.37014323154278755
0.001,194,0.3701215240788026
0.001,195,0.3700881867763968
0.001,196,0.37008081562177425
0.001,197,0.36997451711254525
0.001,198,0.3699031847921483
0.001,199,0.3699302786737257
0.001,200,0.36986314752790567
0.001,201,0.36985239539929976
0.001,202,0.3697380133260243
0.001,203,0.369664754734514
0.001,204,0.3695861810217588
0.001,205,0.36955627844107897
0.001,206,0.3694759258518995
0.001,207,0.3694411647840027
0.001,208,0.3693903858687845
0.001,209,0.3693833855091254
0.001,210,0.36933615677971665
0.001,211,0.36930599612612164
0.001,212,0.36926155234788377
0.001,213,0.36917709158483997
0.001,214,0.3691847692115012
0.001,215,0.36913862395311176
0.001,216,0.36908146132797975
0.001,217,0.3690643981988156
0.001,218,0.36905469795806584
0.001,219,0.3690463930687863
0.001,220,0.36903905994381014
0.001,221,0.3689635163538571
0.001,222,0.36893918021951566
0.001,223,0.3689120486829313
0.001,224,0.3689182690575698
0.001,225,0.3688765564028176
0.001,226,0.3688755355327368
0.001,227,0.3688585422776054
0.001,228,0.368872805247031
0.001,229,0.3688620190633184
0.001,230,0.36880875256318674
0.001,231,0.36874374367476487
0.001,232,0.3687521882683132
0.001,233,0.36872087053060004
0.001,234,0.36872730793607844
0.001,235,0.36870445762400295
0.001,236,0.36873023712875774
0.001,237,0.36873010313755017
0.001,238,0.36875072066595627
0.001,239,0.3687553312086441
0.001,240,0.3687122656572557
0.001,241,0.3686814035408568
0.001,242,0.368662327067617
0.001,243,0.36868187117487256
0.001,244,0.3686740494352891
0.001,245,0.3686415949958215
0.001,246,0.36863889505333997
0.001,247,0.36858709471361456
0.001,248,0.3686476120579871
0.001,249,0.36861010353050194
0.001,250,0.368611061269375
0.1,1,0.5672283049794201
0.1,2,0.5035051821784273
0.1,3,0.48588237108687987
0.1,4,0.47659670902747925
0.1,5,0.46978009524592684
0.1,6,0.4640467417618459
0.1,7,0.4592168558203605
0.1,8,0.4546269074698903
0.1,9,0.4506626634689815
0.1,10,0.44692946635215497
0.1,11,0.44347721550518626
0.1,12,0.44021781739471144
0.1,13,0.4371888539507715
0.1,14,0.43442639995310806
0.1,15,0.4318796514452829
0.1,16,0.4295331304873016
0.1,17,0.4272076598564875
0.1,18,0.4252374986008685
0.1,19,0.4232843874880162
0.1,20,0.421375831034062
0.1,21,0.4196292674207866
0.1,22,0.4182589201380718
0.1,23,0.41679660038391164
0.1,24,0.4155498742421743
0.1,25,0.41445919293523553
0.1,26,0.4133073684704166
0.1,27,0.41215761607635387
0.1,28,0.41108514095152326
0.1,29,0.41012370876212967
0.1,30,0.409077742237309
0.1,31,0.40810512591249304
0.1,32,0.4071000392963688
0.1,33,0.40608281125173473
0.1,34,0.40506702475085
0.1,35,0.40415393314215114
0.1,36,0.4032476961253104
0.1,37,0.40209806987531604
0.1,38,0.40122241879335047
0.1,39,0.40028924662353804
0.1,40,0.39923871343800277
0.1,41,0.3981985824298525
0.1,42,0.3972971890002315
0.1,43,0.3962785845148483
0.1,44,0.3954751055136159
0.1,45,0.3947215559813025
0.1,46,0.3939535960134317
0.1,47,0.39324213924123963
0.1,48,0.3924593625278998
0.1,49,0.39183315498729043
0.1,50,0.3911509821942872
0.1,51,0.39058264764269945
0.1,52,0.3900932320396699
0.1,53,0.389556028458519
0.1,54,0.38908082361263335
0.1,55,0.3885443226365354
0.1,56,0.3880575175606576
0.1,57,0.38761173591729603
0.1,58,0.3871906703291461
0.1,59,0.38683956995607793
0.1,60,0.3864355709663833
0.1,61,0.38603393786143153
0.1,62,0.38566106346215645
0.1,63,0.3853400232865092
0.1,64,0.384968414637268
0.1,65,0.38468984753563706
0.1,66,0.3843488017804927
0.1,67,0.3841331528510169
0.1,68,0.3838249041658868
0.1,69,0.38352674817744004
0.1,70,0.3832069959337715
0.1,71,0.3829396232192486
0.1,72,0.38262913125764164
0.1,73,0.3824270668094724
0.1,74,0.38207406922670945
0.1,75,0.3818134981813544
0.1,76,0.38155480676807374
0.1,77,0.38142318318351554
0.1,78,0.3811758003904437
0.1,79,0.38090700078715367
0.1,80,0.38056507928261085
0.1,81,0.3802712402967932
0.1,82,0.3799849043023753
0.1,83,0.3798051792758967
0.1,84,0.3796383869505748
0.1,85,0.3795153932162858
0.1,86,0.37942271711099645
0.1,87,0.37925996535197015
0.1,88,0.3790562184464827
0.1,89,0.3788442713627767
0.1,90,0.37868253705104654
0.1,91,0.3785537910757339
0.1,92,0.3784023550555627
0.1,93,0.37823053640511517
0.1,94,0.3780205806008642
0.1,95,0.3777146878980669
0.1,96,0.3776218491857661
0.1,97,0.37758044333548085
0.1,98,0.3774860482695596
0.1,99,0.3773883983367417
0.1,100,0.37726851082519414
0.1,101,0.3770920479455841
0.1,102,0.3770575526538843
0.1,103,0.37701310069163146
0.1,104,0.3769454538595553
0.1,105,0.37684898674957973
0.1,106,0.37674419740881526
0.1,107,0.376494449054933
0.1,108,0.37642316203097714
0.1,109,0.3762534910071044
0.1,110,0.3761631606623453
0.1,111,0.37597455987648026
0.1,112,0.37581958201055143
0.1,113,0.375693356850436
0.1,114,0.375571972471308
0.1,115,0.3755455448895712
0.1,116,0.3754406315469806
0.1,117,0.3753160332681441
0.1,118,0.3752798605967407
0.1,119,0.37512634804471406
0.1,120,0.3750232080090397
0.1,121,0.37495376332937075
0.1,122,0.374854361935494
0.1,123,0.374674321086215
0.1,124,0.3746615087519701
0.1,125,0.3746051524028834
0.1,126,0.37451954110726793
0.1,127,0.3745465298148215
0.1,128,0.3743678963240736
0.1,129,0.3744598041869477
0.1,130,0.3743514272862783
0.1,131,0.3743016833887151
0.1,132,0.3741572586099475
0.1,133,0.37412057100419915
0.1,134,0.3741094826416337
0.1,135,0.3738351654182779
0.1,136,0.3737934492906494
0.1,137,0.37374671353962674
0.1,138,0.37362991573103305
0.1,139,0.3735738879805842
0.1,140,0.37355046381801865
0.1,141,0.37351743402183296
0.1,142,0.37352913497083656
0.1,143,0.37348459216328017
0.1,144,0.3734689990428188
0.1,145,0.37334118075090494
0.1,146,0.37337594343233244
0.1,147,0.37329629997233554
0.1,148,0.37334669639213924
0.1,149,0.3732103313907683
0.1,150,0.37328172563079937
0.1,151,0.3731477662354083
0.1,152,0.3732534941403266
0.1,153,0.3730953310847692
0.1,154,0.37319050549266125
0.1,155,0.3731539026150291
0.1,156,0.3730843715082033
0.1,157,0.3729655011379759
0.1,158,0.3730261255245265
0.1,159,0.3730164096999775
0.1,160,0.3730274444284406
0.1,161,0.3729518710548116
0.1,162,0.37295114824070336
0.1,163,0.3729321709454958
0.1,164,0.37282593647260986
0.1,165,0.37289247381012636
0.1,166,0.3727495375317304
0.1,167,0.3728632876540999
0.1,168,0.3726485965951514
0.1,169,0.3726787356158016
0.1,170,0.3726595004604372
0.1,171,0.3727586485369475
0.1,172,0.37263984689979907
0.1,173,0.37263943287077633
0.1,174,0.3726073696170397
0.1,175,0.3725912790589362
0.1,176,0.3725647499991472
0.1,177,0.37253548479527593
0.1,178,0.37252912218192497
0.1,179,0.3725138743976509
0.1,180,0.3724852630395658
0.1,181,0.3724211366951447
0.1,182,0.3723936954341695
0.1,183,0.37234867587670606
0.1,184,0.3723438755443195
0.1,185,0.3722780275027133
0.1,186,0.37218044320444255
0.1,187,0.3721443402584661
0.1,188,0.3721263787227643
0.1,189,0.37213747794075996
0.1,190,0.3720898478837719
0.1,191,0.37205050936745626
0.1,192,0.3720322050045904
0.1,193,0.3720114588228594
0.1,194,0.3719518326863517
0.1,195,0.37191862457903646
0.1,196,0.3718749590280402
0.1,197,0.37187000068288184
0.1,198,0.37183642919625054
0.1,199,0.37178828692064597
0.1,200,0.37176568912297187
0.1,201,0.3716981987846938
0.1,202,0.37161709232274903
0.1,203,0.3715552520291319
0.1,204,0.371505797185418
0.1,205,0.37145937085207986
0.1,206,0.3713693851720367
0.1,207,0.3714006952542532
0.1,208,0.3713702027131266
0.1,209,0.3713367988451236
0.1,210,0.3713193237676064
0.1,211,0.37127839462631
0.1,212,0.3712807729306364
0.1,213,0.37122975827881943
0.1,214,0.3712543384246672
0.1,215,0.37126987807303297
0.1,216,0.3712215408668167
0.1,217,0.3712353194902534
0.1,218,0.3712358945232176
0.1,219,0.37119057016500506
0.1,220,0.37114568581783025
0.1,221,0.37107615098360536
0.1,222,0.37108866086805475
0.1,223,0.3710088455482404
0.1,224,0.37097605040406784
0.1,225,0.37090900761939455
0.1,226,0.37087264643381695
0.1,227,0.37083499546116144
0.1,228,0.3708680144329116
0.1,229,0.3708273964013327
0.1,230,0.3708172116415765
0.1,231,0.37080008778457463
0.1,232,0.37087465873369585
0.1,233,0.37079966103511514
0.1,234,0.37080800178614903
0.1,235,0.3707699283812759
0.1,236,0.37073529513463044
0.1,237,0.3707383836643115
0.1,238,0.37075917057553737
0.1,239,0.3707000497176871
0.1,240,0.37073958185553807
0.1,241,0.37066730313125873
0.1,242,0.3707129025129771
0.1,243,0.3706827418852395
0.1,244,0.37066499531980895
0.1,245,0.3706696617317877
0.1,246,0.3706531730017273
0.1,247,0.3706054982956877
0.1,248,0.37057797307048423
0.1,249,0.37056582343537076
0.1,250,0.37054333098653147
