split,model,MAE_C,RMSE_C,bias_C
validation,Persistence,2.1619974945905933,2.893983777125617,0.0018243935770413376
validation,Diurnal,0.7610818813346999,1.0513377793532441,0.00586949094636146
validation,Model1_OLS,0.5119316137781672,0.724551935481377,0.0025537744646967255
validation,Model2_Ridge6,0.48723698126588416,0.6842040276205826,0.00251888554349158
validation,RBF_12_16_1,0.48678217118215755,0.6772201618929816,-0.027351048312131882
test,Persistence,2.08036884777892,2.732720301996474,0.0017620189562635594
test,Diurnal,0.8322804613452095,1.1873464320144518,0.004229759049902939
test,Model1_OLS,0.5379726187767988,0.7859606898768394,0.0022081344352925746
test,Model2_Ridge6,0.5094297665555751,0.735830933728156,0.0021639723829571522
test,RBF_12_16_1,0.5050139081386191,0.7263670831410183,0.000237327572239145
